Fiscal_Year,Business_Unit_ID,Budget_Type,Allocated_Amount
2026,BU001,Hardware Refresh,5614139.97
2026,BU001,Software Remediation,8134330.4
2026,BU001,Cloud Modernization,3507592.74
2026,BU001,Security Remediation,7565689.35
2026,BU002,Hardware Refresh,5418964.63
2026,BU002,Software Remediation,2361233.92
2026,BU002,Cloud Modernization,8225346.75
2026,BU002,Security Remediation,2459564.88
2026,BU003,Hardware Refresh,6082684.62
2026,BU003,Software Remediation,3647828.82
2026,BU003,Cloud Modernization,8294164.73
2026,BU003,Security Remediation,4793911.19
2026,BU004,Hardware Refresh,6925119.75
2026,BU004,Software Remediation,4407488.23
2026,BU004,Cloud Modernization,6507408.07
2026,BU004,Security Remediation,2596554.82
2026,BU005,Hardware Refresh,1623511.29
2026,BU005,Software Remediation,5282971.17
2026,BU005,Cloud Modernization,2553480.56
2026,BU005,Security Remediation,2365761.84
2026,BU006,Hardware Refresh,5794144.08
2026,BU006,Software Remediation,3320036.16
2026,BU006,Cloud Modernization,6443647.91
2026,BU006,Security Remediation,4377820.22
2026,BU007,Hardware Refresh,6407536.26
2026,BU007,Software Remediation,7930199.95
2026,BU007,Cloud Modernization,1645448.14
2026,BU007,Security Remediation,6529358.04
2026,BU008,Hardware Refresh,762798.74
2026,BU008,Software Remediation,4351202.14
2026,BU008,Cloud Modernization,2938657.87
2026,BU008,Security Remediation,3808299.48
2026,BU009,Hardware Refresh,8098856.09
2026,BU009,Software Remediation,787674.66
2026,BU009,Cloud Modernization,7127914.17
2026,BU009,Security Remediation,2798030.49
2026,BU010,Hardware Refresh,6315652.94
2026,BU010,Software Remediation,7150672.68
2026,BU010,Cloud Modernization,8086231.78
2026,BU010,Security Remediation,6218058.68
2027,BU001,Hardware Refresh,1688442.55
2027,BU001,Software Remediation,5132131.31
2027,BU001,Cloud Modernization,7433001.99
2027,BU001,Security Remediation,7509155.13
2027,BU002,Hardware Refresh,797036.84
2027,BU002,Software Remediation,2762405.57
2027,BU002,Cloud Modernization,2347151.66
2027,BU002,Security Remediation,8218237.5
2027,BU003,Hardware Refresh,3404567.61
2027,BU003,Software Remediation,4909785.82
2027,BU003,Cloud Modernization,5190477.54
2027,BU003,Security Remediation,7284530.48
2027,BU004,Hardware Refresh,5379735.75
2027,BU004,Software Remediation,4752793.81
2027,BU004,Cloud Modernization,4953740.76
2027,BU004,Security Remediation,7214075.16
2027,BU005,Hardware Refresh,4059031.82
2027,BU005,Software Remediation,7207068.52
2027,BU005,Cloud Modernization,2980361.65
2027,BU005,Security Remediation,7943534.39
2027,BU006,Hardware Refresh,5800909.73
2027,BU006,Software Remediation,5638588.37
2027,BU006,Cloud Modernization,8030339.28
2027,BU006,Security Remediation,5536294.26
2027,BU007,Hardware Refresh,5207604.45
2027,BU007,Software Remediation,3394730.59
2027,BU007,Cloud Modernization,7601895.81
2027,BU007,Security Remediation,6038803.77
2027,BU008,Hardware Refresh,6636875.7
2027,BU008,Software Remediation,1644610.67
2027,BU008,Cloud Modernization,3191423.48
2027,BU008,Security Remediation,2666354.27
2027,BU009,Hardware Refresh,3718939.1
2027,BU009,Software Remediation,2037815.33
2027,BU009,Cloud Modernization,4605403.94
2027,BU009,Security Remediation,7337132.96
2027,BU010,Hardware Refresh,7187057.57
2027,BU010,Software Remediation,6422013.89
2027,BU010,Cloud Modernization,3305931.74
2027,BU010,Security Remediation,3561303.62
2028,BU001,Hardware Refresh,2766127.18
2028,BU001,Software Remediation,6079728.83
2028,BU001,Cloud Modernization,1673527.26
2028,BU001,Security Remediation,6440679.89
2028,BU002,Hardware Refresh,4198859.85
2028,BU002,Software Remediation,8143166.9
2028,BU002,Cloud Modernization,1033161.32
2028,BU002,Security Remediation,5403591.57
2028,BU003,Hardware Refresh,7431715.38
2028,BU003,Software Remediation,5179532.64
2028,BU003,Cloud Modernization,7870447.45
2028,BU003,Security Remediation,3088954.46
2028,BU004,Hardware Refresh,5151239.32
2028,BU004,Software Remediation,2242477.14
2028,BU004,Cloud Modernization,1032672.39
2028,BU004,Security Remediation,7670405.4
2028,BU005,Hardware Refresh,7229937.05
2028,BU005,Software Remediation,3503880.49
2028,BU005,Cloud Modernization,3228793.69
2028,BU005,Security Remediation,8264919.99
2028,BU006,Hardware Refresh,1548065.22
2028,BU006,Software Remediation,2203623.14
2028,BU006,Cloud Modernization,2251758.18
2028,BU006,Security Remediation,3716950.05
2028,BU007,Hardware Refresh,1952881.0
2028,BU007,Software Remediation,4223702.78
2028,BU007,Cloud Modernization,4056652.37
2028,BU007,Security Remediation,8443207.52
2028,BU008,Hardware Refresh,3650994.07
2028,BU008,Software Remediation,4277379.23
2028,BU008,Cloud Modernization,6821668.16
2028,BU008,Security Remediation,5130615.52
2028,BU009,Hardware Refresh,5573849.93
2028,BU009,Software Remediation,8225707.46
2028,BU009,Cloud Modernization,3879277.15
2028,BU009,Security Remediation,7256606.83
2028,BU010,Hardware Refresh,6473124.49
2028,BU010,Software Remediation,8254320.37
2028,BU010,Cloud Modernization,2873156.42
2028,BU010,Security Remediation,6962158.07
2029,BU001,Hardware Refresh,3260359.92
2029,BU001,Software Remediation,7840230.74
2029,BU001,Cloud Modernization,2451010.16
2029,BU001,Security Remediation,7316934.01
2029,BU002,Hardware Refresh,6939575.38
2029,BU002,Software Remediation,6123858.75
2029,BU002,Cloud Modernization,5383040.3
2029,BU002,Security Remediation,8024658.95
2029,BU003,Hardware Refresh,2508448.75
2029,BU003,Software Remediation,6943914.09
2029,BU003,Cloud Modernization,5201445.39
2029,BU003,Security Remediation,2690072.48
2029,BU004,Hardware Refresh,6750848.2
2029,BU004,Software Remediation,4257867.97
2029,BU004,Cloud Modernization,7339848.81
2029,BU004,Security Remediation,4871202.4
2029,BU005,Hardware Refresh,1877960.32
2029,BU005,Software Remediation,4708470.61
2029,BU005,Cloud Modernization,4705139.5
2029,BU005,Security Remediation,3120384.22
2029,BU006,Hardware Refresh,4864293.77
2029,BU006,Software Remediation,1066271.72
2029,BU006,Cloud Modernization,8466020.28
2029,BU006,Security Remediation,7546594.81
2029,BU007,Hardware Refresh,6178796.17
2029,BU007,Software Remediation,1884741.5
2029,BU007,Cloud Modernization,8470009.68
2029,BU007,Security Remediation,3651279.2
2029,BU008,Hardware Refresh,2001656.31
2029,BU008,Software Remediation,1621886.78
2029,BU008,Cloud Modernization,5377734.4
2029,BU008,Security Remediation,8030288.08
2029,BU009,Hardware Refresh,6412872.62
2029,BU009,Software Remediation,1460748.9
2029,BU009,Cloud Modernization,7040600.89
2029,BU009,Security Remediation,4879448.47
2029,BU010,Hardware Refresh,8497702.05
2029,BU010,Software Remediation,5731893.34
2029,BU010,Cloud Modernization,4366120.28
2029,BU010,Security Remediation,6525637.64
