Location_ID,Location_Name,Region,City,Country,Location_Type
LOC-0001,Toronto HQ 1,Toronto HQ,Toronto,Canada,Branch
LOC-0002,Toronto HQ 2,Toronto HQ,Toronto,Canada,Office
LOC-0003,Toronto HQ 3,Toronto HQ,Toronto,Canada,Office
LOC-0004,GTA Branches 1,GTA Branches,Richmond Hill,Canada,Branch
LOC-0005,GTA Branches 2,GTA Branches,Toronto,Canada,Branch
LOC-0006,GTA Branches 3,GTA Branches,Richmond Hill,Canada,Branch
LOC-0007,GTA Branches 4,GTA Branches,Richmond Hill,Canada,Branch
LOC-0008,GTA Branches 5,GTA Branches,Vaughan,Canada,Branch
LOC-0009,GTA Branches 6,GTA Branches,Toronto,Canada,Branch
LOC-0010,GTA Branches 7,GTA Branches,Vaughan,Canada,Branch
LOC-0011,GTA Branches 8,GTA Branches,Markham,Canada,Branch
LOC-0012,GTA Branches 9,GTA Branches,Toronto,Canada,Branch
LOC-0013,GTA Branches 10,GTA Branches,Toronto,Canada,Branch
LOC-0014,GTA Branches 11,GTA Branches,Toronto,Canada,Branch
LOC-0015,GTA Branches 12,GTA Branches,Mississauga,Canada,Branch
LOC-0016,GTA Branches 13,GTA Branches,Mississauga,Canada,Branch
LOC-0017,GTA Branches 14,GTA Branches,Vaughan,Canada,Branch
LOC-0018,GTA Branches 15,GTA Branches,Vaughan,Canada,Branch
LOC-0019,GTA Branches 16,GTA Branches,Toronto,Canada,Branch
LOC-0020,GTA Branches 17,GTA Branches,Vaughan,Canada,Branch
LOC-0021,GTA Branches 18,GTA Branches,Mississauga,Canada,Branch
LOC-0022,GTA Branches 19,GTA Branches,Richmond Hill,Canada,Branch
LOC-0023,GTA Branches 20,GTA Branches,Richmond Hill,Canada,Branch
LOC-0024,GTA Branches 21,GTA Branches,Richmond Hill,Canada,Branch
LOC-0025,GTA Branches 22,GTA Branches,Vaughan,Canada,Branch
LOC-0026,GTA Branches 23,GTA Branches,Markham,Canada,Branch
LOC-0027,GTA Branches 24,GTA Branches,Mississauga,Canada,Branch
LOC-0028,GTA Branches 25,GTA Branches,Markham,Canada,Branch
LOC-0029,GTA Branches 26,GTA Branches,Vaughan,Canada,Branch
LOC-0030,GTA Branches 27,GTA Branches,Brampton,Canada,Branch
LOC-0031,GTA Branches 28,GTA Branches,Oakville,Canada,Branch
LOC-0032,GTA Branches 29,GTA Branches,Oakville,Canada,Branch
LOC-0033,GTA Branches 30,GTA Branches,Toronto,Canada,Branch
LOC-0034,GTA Branches 31,GTA Branches,Oakville,Canada,Branch
LOC-0035,GTA Branches 32,GTA Branches,Oakville,Canada,Branch
LOC-0036,GTA Branches 33,GTA Branches,Mississauga,Canada,Branch
LOC-0037,GTA Branches 34,GTA Branches,Richmond Hill,Canada,Branch
LOC-0038,GTA Branches 35,GTA Branches,Markham,Canada,Branch
LOC-0039,GTA Branches 36,GTA Branches,Brampton,Canada,Branch
LOC-0040,GTA Branches 37,GTA Branches,Brampton,Canada,Branch
LOC-0041,GTA Branches 38,GTA Branches,Mississauga,Canada,Branch
LOC-0042,GTA Branches 39,GTA Branches,Mississauga,Canada,Branch
LOC-0043,GTA Branches 40,GTA Branches,Oakville,Canada,Branch
LOC-0044,GTA Branches 41,GTA Branches,Brampton,Canada,Branch
LOC-0045,GTA Branches 42,GTA Branches,Toronto,Canada,Branch
LOC-0046,GTA Branches 43,GTA Branches,Toronto,Canada,Branch
LOC-0047,GTA Branches 44,GTA Branches,Markham,Canada,Branch
LOC-0048,GTA Branches 45,GTA Branches,Toronto,Canada,Branch
LOC-0049,GTA Branches 46,GTA Branches,Brampton,Canada,Branch
LOC-0050,GTA Branches 47,GTA Branches,Oakville,Canada,Branch
LOC-0051,GTA Branches 48,GTA Branches,Brampton,Canada,Branch
LOC-0052,GTA Branches 49,GTA Branches,Vaughan,Canada,Branch
LOC-0053,GTA Branches 50,GTA Branches,Brampton,Canada,Branch
LOC-0054,GTA Branches 51,GTA Branches,Oakville,Canada,Branch
LOC-0055,GTA Branches 52,GTA Branches,Toronto,Canada,Branch
LOC-0056,GTA Branches 53,GTA Branches,Richmond Hill,Canada,Branch
LOC-0057,GTA Branches 54,GTA Branches,Markham,Canada,Branch
LOC-0058,GTA Branches 55,GTA Branches,Vaughan,Canada,Branch
LOC-0059,GTA Branches 56,GTA Branches,Toronto,Canada,Branch
LOC-0060,GTA Branches 57,GTA Branches,Markham,Canada,Branch
LOC-0061,GTA Branches 58,GTA Branches,Toronto,Canada,Branch
LOC-0062,GTA Branches 59,GTA Branches,Vaughan,Canada,Branch
LOC-0063,GTA Branches 60,GTA Branches,Brampton,Canada,Branch
LOC-0064,GTA Branches 61,GTA Branches,Oakville,Canada,Branch
LOC-0065,GTA Branches 62,GTA Branches,Richmond Hill,Canada,Branch
LOC-0066,GTA Branches 63,GTA Branches,Vaughan,Canada,Branch
LOC-0067,GTA Branches 64,GTA Branches,Oakville,Canada,Branch
LOC-0068,GTA Branches 65,GTA Branches,Brampton,Canada,Branch
LOC-0069,GTA Branches 66,GTA Branches,Vaughan,Canada,Branch
LOC-0070,GTA Branches 67,GTA Branches,Mississauga,Canada,Branch
LOC-0071,GTA Branches 68,GTA Branches,Richmond Hill,Canada,Branch
LOC-0072,GTA Branches 69,GTA Branches,Toronto,Canada,Branch
LOC-0073,GTA Branches 70,GTA Branches,Toronto,Canada,Branch
LOC-0074,GTA Branches 71,GTA Branches,Richmond Hill,Canada,Branch
LOC-0075,GTA Branches 72,GTA Branches,Mississauga,Canada,Branch
LOC-0076,GTA Branches 73,GTA Branches,Oakville,Canada,Branch
LOC-0077,GTA Branches 74,GTA Branches,Brampton,Canada,Branch
LOC-0078,GTA Branches 75,GTA Branches,Toronto,Canada,Branch
LOC-0079,GTA Branches 76,GTA Branches,Oakville,Canada,Branch
LOC-0080,GTA Branches 77,GTA Branches,Mississauga,Canada,Branch
LOC-0081,GTA Branches 78,GTA Branches,Oakville,Canada,Branch
LOC-0082,GTA Branches 79,GTA Branches,Toronto,Canada,Branch
LOC-0083,GTA Branches 80,GTA Branches,Markham,Canada,Branch
LOC-0084,Ontario Regional 1,Ontario Regional,Kitchener,Canada,DR Site
LOC-0085,Ontario Regional 2,Ontario Regional,Kitchener,Canada,Office
LOC-0086,Ontario Regional 3,Ontario Regional,Kitchener,Canada,Data Centre
LOC-0087,Ontario Regional 4,Ontario Regional,London,Canada,Data Centre
LOC-0088,Ontario Regional 5,Ontario Regional,Ottawa,Canada,Office
LOC-0089,Ontario Regional 6,Ontario Regional,Kingston,Canada,Office
LOC-0090,Ontario Regional 7,Ontario Regional,London,Canada,DR Site
LOC-0091,Ontario Regional 8,Ontario Regional,Hamilton,Canada,Data Centre
LOC-0092,Ontario Regional 9,Ontario Regional,Kingston,Canada,Office
LOC-0093,Ontario Regional 10,Ontario Regional,Kitchener,Canada,Branch
LOC-0094,Ontario Regional 11,Ontario Regional,London,Canada,Branch
LOC-0095,Ontario Regional 12,Ontario Regional,Kitchener,Canada,DR Site
LOC-0096,Ontario Regional 13,Ontario Regional,Kitchener,Canada,Branch
LOC-0097,Ontario Regional 14,Ontario Regional,London,Canada,Data Centre
LOC-0098,Ontario Regional 15,Ontario Regional,London,Canada,DR Site
LOC-0099,Western Canada 1,Western Canada,Winnipeg,Canada,DR Site
LOC-0100,Western Canada 2,Western Canada,Calgary,Canada,Data Centre
LOC-0101,Western Canada 3,Western Canada,Calgary,Canada,Office
LOC-0102,Western Canada 4,Western Canada,Victoria,Canada,Data Centre
LOC-0103,Western Canada 5,Western Canada,Victoria,Canada,DR Site
LOC-0104,Western Canada 6,Western Canada,Victoria,Canada,DR Site
LOC-0105,Western Canada 7,Western Canada,Edmonton,Canada,Office
LOC-0106,Western Canada 8,Western Canada,Calgary,Canada,DR Site
LOC-0107,Western Canada 9,Western Canada,Vancouver,Canada,Branch
LOC-0108,Western Canada 10,Western Canada,Vancouver,Canada,Office
LOC-0109,Western Canada 11,Western Canada,Calgary,Canada,DR Site
LOC-0110,Western Canada 12,Western Canada,Victoria,Canada,Branch
LOC-0111,Western Canada 13,Western Canada,Winnipeg,Canada,DR Site
LOC-0112,Western Canada 14,Western Canada,Victoria,Canada,DR Site
LOC-0113,Western Canada 15,Western Canada,Victoria,Canada,Data Centre
LOC-0114,Western Canada 16,Western Canada,Victoria,Canada,Branch
LOC-0115,Western Canada 17,Western Canada,Vancouver,Canada,Data Centre
LOC-0116,Western Canada 18,Western Canada,Edmonton,Canada,Branch
LOC-0117,Western Canada 19,Western Canada,Edmonton,Canada,DR Site
LOC-0118,Western Canada 20,Western Canada,Calgary,Canada,DR Site
LOC-0119,Western Canada 21,Western Canada,Vancouver,Canada,Data Centre
LOC-0120,Western Canada 22,Western Canada,Victoria,Canada,Office
LOC-0121,Western Canada 23,Western Canada,Victoria,Canada,Branch
LOC-0122,Western Canada 24,Western Canada,Edmonton,Canada,Office
LOC-0123,Western Canada 25,Western Canada,Calgary,Canada,Data Centre
LOC-0124,Quebec 1,Quebec,Quebec City,Canada,Branch
LOC-0125,Quebec 2,Quebec,Laval,Canada,DR Site
LOC-0126,Quebec 3,Quebec,Montreal,Canada,Branch
LOC-0127,Quebec 4,Quebec,Laval,Canada,Data Centre
LOC-0128,Quebec 5,Quebec,Quebec City,Canada,Branch
LOC-0129,Quebec 6,Quebec,Quebec City,Canada,Branch
LOC-0130,Quebec 7,Quebec,Montreal,Canada,DR Site
LOC-0131,Quebec 8,Quebec,Montreal,Canada,Office
LOC-0132,Quebec 9,Quebec,Quebec City,Canada,DR Site
LOC-0133,Quebec 10,Quebec,Quebec City,Canada,Data Centre
LOC-0134,Quebec 11,Quebec,Gatineau,Canada,Office
LOC-0135,Quebec 12,Quebec,Quebec City,Canada,Data Centre
LOC-0136,Quebec 13,Quebec,Gatineau,Canada,Data Centre
LOC-0137,Quebec 14,Quebec,Gatineau,Canada,DR Site
LOC-0138,Quebec 15,Quebec,Montreal,Canada,Office
LOC-0139,Quebec 16,Quebec,Quebec City,Canada,Branch
LOC-0140,Quebec 17,Quebec,Laval,Canada,Branch
LOC-0141,Quebec 18,Quebec,Quebec City,Canada,Office
LOC-0142,Quebec 19,Quebec,Montreal,Canada,Branch
LOC-0143,Quebec 20,Quebec,Montreal,Canada,Office
LOC-0144,Atlantic Canada 1,Atlantic Canada,Halifax,Canada,Branch
LOC-0145,Atlantic Canada 2,Atlantic Canada,Moncton,Canada,Branch
LOC-0146,Atlantic Canada 3,Atlantic Canada,St. John's,Canada,Office
LOC-0147,Atlantic Canada 4,Atlantic Canada,Moncton,Canada,DR Site
LOC-0148,Atlantic Canada 5,Atlantic Canada,Halifax,Canada,Office
LOC-0149,Atlantic Canada 6,Atlantic Canada,St. John's,Canada,DR Site
LOC-0150,Atlantic Canada 7,Atlantic Canada,Halifax,Canada,DR Site
LOC-0151,Atlantic Canada 8,Atlantic Canada,Moncton,Canada,Office
LOC-0152,Atlantic Canada 9,Atlantic Canada,Halifax,Canada,Branch
LOC-0153,Atlantic Canada 10,Atlantic Canada,St. John's,Canada,DR Site
LOC-0154,Data Centre 1,Data Centre,Montreal,Canada,DR Site
LOC-0155,Data Centre 2,Data Centre,Calgary,Canada,DR Site
LOC-0156,Data Centre 3,Data Centre,Toronto,Canada,Branch
LOC-0157,Data Centre 4,Data Centre,Toronto,Canada,DR Site
LOC-0158,DR Site 1,DR Site,Winnipeg,Canada,Branch
LOC-0159,DR Site 2,DR Site,Ottawa,Canada,Office
